{
  "client_id": "Client ID obtained from the admin panel",
  "debug": "To enable debug logs(true/false)",

  "display_ads": {
    "domain_uri": "Domain url for fetching display ads, configured via the admin panel",
    "connection_timeout": "Connection timeout duration in milliseconds (integer value)"
  },

  "pla_ads": {
    "domain_uri": "Domain url for fetching pla ads, configured via the admin panel",
    "connection_timeout": "Connection timeout duration in milliseconds (integer value)"
  },

  "register_event": {
    "domain_uri": "Domain url for fetching event logs, configured via the admin panel",
    "connection_timeout": "Connection timeout duration in milliseconds (integer value)"
  },

  "ad_rendering": {}
}
